{
  "run_id": "test_run_20250707_072347",
  "timestamp": "2025-07-07T07:23:47.053426",
  "config": {
    "llm": "hcx",
    "model": "HCX-005",
    "embedding": "bge_m3"
  },
  "summary": {
    "total_items": 2,
    "metrics": {
      "faithfulness": {
        "mean": 0.5,
        "std": 0.7071067811865476,
        "min": 0.0,
        "max": 1.0
      },
      "answer_relevancy": {
        "mean": 0.708785814059851,
        "std": 0.13565254979043662,
        "min": 0.6128649762177875,
        "max": 0.8047066519019145
      },
      "context_precision": {
        "mean": 0.49999999995,
        "std": 0.0,
        "min": 0.49999999995,
        "max": 0.49999999995
      },
      "context_recall": {
        "mean": 0.0,
        "std": 0.0,
        "min": 0.0,
        "max": 0.0
      },
      "answer_correctness": {
        "mean": 0.8610915025660031,
        "std": 0.007985954364167578,
        "min": 0.8554445800808539,
        "max": 0.8667384250511523
      }
    }
  },
  "details": [
    {
      "user_input": "한국의 수도는 어디인가요?",
      "retrieved_contexts": [
        "서울특별시는 대한민국의 수도이자 최대 도시로, 정치, 경제, 문화의 중심지입니다.",
        "서울의 인구는 약 950만 명으로 전체 인구의 약 18%가 거주합니다."
      ],
      "response": "한국의 수도는 서울입니다. 서울은 약 950만 명의 인구가 거주하는 대한민국 최대의 도시입니다.",
      "reference": "",
      "faithfulness": 0.0,
      "answer_relevancy": 0.6128649762177875,
      "context_precision": 0.49999999995,
      "context_recall": 0.0,
      "answer_correctness": 0.8667384250511523
    },
    {
      "user_input": "Python에서 리스트와 튜플의 차이점은?",
      "retrieved_contexts": [
        "Python의 리스트는 대괄호 []를 사용하며, 동적으로 크기가 변할 수 있습니다.",
        "튜플은 소괄호 ()를 사용하며, 메모리 효율적이고 해시 가능합니다."
      ],
      "response": "리스트는 가변(mutable) 객체로 요소를 추가, 삭제, 수정할 수 있지만, 튜플은 불변(immutable) 객체로 한 번 생성되면 변경할 수 없습니다.",
      "reference": "",
      "faithfulness": 1.0,
      "answer_relevancy": 0.8047066519019145,
      "context_precision": 0.49999999995,
      "context_recall": 0.0,
      "answer_correctness": 0.8554445800808539
    }
  ]
}